{
  "hash": "1cf876da",
  "configHash": "81eff30a",
  "lockfileHash": "37e0448e",
  "browserHash": "c726e739",
  "optimized": {
    "@angular/common": {
      "src": "../../../../../../node_modules/@angular/common/fesm2022/common.mjs",
      "file": "@angular_common.js",
      "fileHash": "26e4ea6d",
      "needsInterop": false
    },
    "@angular/common/http": {
      "src": "../../../../../../node_modules/@angular/common/fesm2022/http.mjs",
      "file": "@angular_common_http.js",
      "fileHash": "c2bf39b3",
      "needsInterop": false
    },
    "@angular/core": {
      "src": "../../../../../../node_modules/@angular/core/fesm2022/core.mjs",
      "file": "@angular_core.js",
      "fileHash": "1485e97d",
      "needsInterop": false
    },
    "@angular/fire/app": {
      "src": "../../../../../../node_modules/@angular/fire/fesm2022/angular-fire-app.mjs",
      "file": "@angular_fire_app.js",
      "fileHash": "af4f17c7",
      "needsInterop": false
    },
    "@angular/fire/auth": {
      "src": "../../../../../../node_modules/@angular/fire/fesm2022/angular-fire-auth.mjs",
      "file": "@angular_fire_auth.js",
      "fileHash": "503d7988",
      "needsInterop": false
    },
    "@angular/fire/compat": {
      "src": "../../../../../../node_modules/@angular/fire/fesm2022/angular-fire-compat.mjs",
      "file": "@angular_fire_compat.js",
      "fileHash": "5030aa59",
      "needsInterop": false
    },
    "@angular/fire/firestore": {
      "src": "../../../../../../node_modules/@angular/fire/fesm2022/angular-fire-firestore.mjs",
      "file": "@angular_fire_firestore.js",
      "fileHash": "6e7c21fe",
      "needsInterop": false
    },
    "@angular/forms": {
      "src": "../../../../../../node_modules/@angular/forms/fesm2022/forms.mjs",
      "file": "@angular_forms.js",
      "fileHash": "9c279340",
      "needsInterop": false
    },
    "@angular/platform-browser": {
      "src": "../../../../../../node_modules/@angular/platform-browser/fesm2022/platform-browser.mjs",
      "file": "@angular_platform-browser.js",
      "fileHash": "c23cfd5a",
      "needsInterop": false
    },
    "@angular/platform-browser/animations": {
      "src": "../../../../../../node_modules/@angular/platform-browser/fesm2022/animations.mjs",
      "file": "@angular_platform-browser_animations.js",
      "fileHash": "bd83d8d6",
      "needsInterop": false
    },
    "@angular/router": {
      "src": "../../../../../../node_modules/@angular/router/fesm2022/router.mjs",
      "file": "@angular_router.js",
      "fileHash": "fbe76fc8",
      "needsInterop": false
    },
    "ng-toggle-button": {
      "src": "../../../../../../node_modules/ng-toggle-button/fesm2022/ng-toggle-button.mjs",
      "file": "ng-toggle-button.js",
      "fileHash": "9b00afef",
      "needsInterop": false
    },
    "ngx-spinner": {
      "src": "../../../../../../node_modules/ngx-spinner/fesm2022/ngx-spinner.mjs",
      "file": "ngx-spinner.js",
      "fileHash": "30c8d1fc",
      "needsInterop": false
    },
    "ngx-toastr": {
      "src": "../../../../../../node_modules/ngx-toastr/fesm2022/ngx-toastr.mjs",
      "file": "ngx-toastr.js",
      "fileHash": "c6ee5073",
      "needsInterop": false
    },
    "sweetalert2": {
      "src": "../../../../../../node_modules/sweetalert2/dist/sweetalert2.esm.all.js",
      "file": "sweetalert2.js",
      "fileHash": "2fcb6b8f",
      "needsInterop": false
    }
  },
  "chunks": {
    "chunk-AMW7RGWI": {
      "file": "chunk-AMW7RGWI.js"
    },
    "chunk-KCMZL6J3": {
      "file": "chunk-KCMZL6J3.js"
    },
    "chunk-OWKRJMV5": {
      "file": "chunk-OWKRJMV5.js"
    },
    "chunk-ELT446TV": {
      "file": "chunk-ELT446TV.js"
    },
    "chunk-5DS5PL5A": {
      "file": "chunk-5DS5PL5A.js"
    },
    "chunk-7E4SKNBO": {
      "file": "chunk-7E4SKNBO.js"
    },
    "chunk-MA2RAM4I": {
      "file": "chunk-MA2RAM4I.js"
    },
    "chunk-CLNYOSSB": {
      "file": "chunk-CLNYOSSB.js"
    },
    "chunk-P7ZLZYRO": {
      "file": "chunk-P7ZLZYRO.js"
    },
    "chunk-J6GKJUH3": {
      "file": "chunk-J6GKJUH3.js"
    },
    "chunk-WPFQYBIS": {
      "file": "chunk-WPFQYBIS.js"
    },
    "chunk-OFF5SZJQ": {
      "file": "chunk-OFF5SZJQ.js"
    },
    "chunk-35ENWJA4": {
      "file": "chunk-35ENWJA4.js"
    }
  }
}